rouge1,rouge2,rougeL,rougeLsum
0.019910957249976685,0.0,0.01966379368469106,0.019713755078159742
